"id","title","value","link","group"
"1","Wirkung von Mikronährstoffsupplementen auf Influenza und andere Atemwegsinfektionen bei Erwachsenen: eine systematische Übersichtsarbeit und Meta-Analyse","1","https://gh.bmj.com/content/6/1/e003176","Therapeutics"
"2","Therapeutics","187","","Therapeutics"
"3","BMJ Global Health","1","","BMJ Global Health"
"4","Kreuzreaktive CD4+ T-Zellen verstärken die SARS-CoV-2-Immunantwort bei Infektion und Impfung","1","https://www.science.org/doi/10.1126/science.abh1823","Immunity"
"5","Immunity","9","","Immunity"
"6","Science","2","","Science"
"7","Wirksamkeit der Covid-19-Impfung gegen das Risiko einer symptomatischen Infektion, eines Krankenhausaufenthalts und des Todes bis zu 9 Monaten: Eine schwedische Kohortenstudie an der Gesamtbevölkerung","1","https://papers.ssrn.com/sol3/papers.cfm?abstract_id=3949410","Vaccines"
"8","Vaccines","48","","Vaccines"
"9","SSRN","1","","SSRN"
"10","Neurologische Nebenwirkungen der SARS-CoV-2-Impfung","1","https://onlinelibrary.wiley.com/doi/10.1111/ane.13550","Vaccines"
"11","Acta Neurologica Scandinavica","1","","Acta Neurologica Scandinavica"
"12","Vitamin-D-Status: Kann er das Infektionsrisiko und den Schweregrad der COVID-19-Symptome beeinflussen?","1","https://www.ncbi.nlm.nih.gov/pmc/articles/PMC8010782/","Therapeutics"
"13","Current Tropical Medicine Reports","1","","Current Tropical Medicine Reports"
"14","Die Rolle von pflanzlichen und ernährungswissenschaftlichen Behandlungen im Kampf gegen COVID-19 und andere Atemwegsinfektionen","1","https://www.mdpi.com/1660-4601/18/22/12001/htm","Therapeutics"
"15","International Journal of Environmental Research and Public Health","7","","International Journal of Environmental Research and Public Health"
"16","COVID-19 Mortalitätsrisiko korreliert umgekehrt mit dem Vitamin-D3-Status, und eine Mortalitätsrate nahe Null könnte theoretisch bei 50 ng/mL 25(OH)D3 erreicht werden: Ergebnisse einer systematischen Überprüfung und Meta-Analyse","1","https://www.ncbi.nlm.nih.gov/pmc/articles/PMC8541492/","Therapeutics"
"17","Nutrients","19","","Nutrients"
"18","Kann eine optimale Sonnenbestrahlung oder eine zusätzliche Vitamin-D-Zufuhr die Schwere der COVID-19-Symptome verringern?","1","https://www.mdpi.com/1660-4601/18/2/740/htm","Therapeutics"
"19","Kombination aus natürlichen Virostatika und starken Immunstärkungsmitteln: Ein natürliches Mittel zur Bekämpfung von COVID-19","1","https://onlinelibrary.wiley.com/doi/10.1002/ptr.7228","Therapeutics"
"20","Phytotherapy Research","1","","Phytotherapy Research"
"21","Zinksulfat in Kombination mit einem Zinkionophor kann die Ergebnisse bei hospitalisierten COVID-19-Patienten verbessern","1","https://www.microbiologyresearch.org/content/journal/jmm/10.1099/jmm.0.001250","Therapeutics"
"22","Journal of Medical Microbiology","1","","Journal of Medical Microbiology"
"23","Wirkungen potenzieller Mikro- und Makronährstoffe bei der Bekämpfung von COVID-19","1","https://www.ncbi.nlm.nih.gov/pmc/articles/PMC8404541/","Therapeutics"
"24","Current Surgery Reports","1","","Current Surgery Reports"
"25","Vitamin D, Infektionen und Immunität","1","https://link.springer.com/article/10.1007%2Fs11154-021-09679-5","Therapeutics"
"26","Reviews in Endocrine and Metabolic Disorders","2","","Reviews in Endocrine and Metabolic Disorders"
"27","Die Rolle von Vitamin D bei der Behandlung der COVID-19-assoziierten Koagulopathie: Probleme und Perspektive","1","https://link.springer.com/article/10.1007%2Fs11010-021-04093-6","Therapeutics"
"28","Molecular and Cellular Biochemistry","3","","Molecular and Cellular Biochemistry"
"29","Calcifediol-Behandlung und Krankenhaussterblichkeit aufgrund von COVID-19: Eine Kohortenstudie","1","https://www.mdpi.com/2072-6643/13/6/1760/htm","Therapeutics"
"30","Gibt es Beweise für eine Abschwächung der Entzündungsreaktion durch Nahrungsergänzungsmittel während der COVID-19-Pandemie? Ein Überblick über systematische Überprüfungen von Vitamin D, Vitamin C, Melatonin und Zink","1","https://www.mdpi.com/2072-6643/13/4/1261/htm","Therapeutics"
"31","Wirkung von Bromhexin auf die klinischen Ergebnisse und die Sterblichkeit bei COVID-19-Patienten: Eine randomisierte klinische Studie","1","https://bi.tbzmed.ac.ir/FullHtml/bi-23240","Therapeutics"
"32","BioImpacts","1","","BioImpacts"
"33","Warum impfen wir Kinder gegen COVID-19?","1","https://www.sciencedirect.com/science/article/pii/S221475002100161X?via%3Dihub","Vaccines"
"34","ScienceDirect","10","","ScienceDirect"
"35","Stellen COVID-19-Impfstoffe auf RNA-Basis ein Risiko für immunvermittelte Krankheiten dar? In Antwort auf ""Potenzielle antigene Kreuzreaktivität zwischen SARS-CoV-2 und menschlichem Gewebe mit möglicher Verbindung zu einer Zunahme von Autoimmunerkrankungen""","1","https://www.sciencedirect.com/science/article/pii/S1521661621000024?via%3Dihub","Vaccines"
"36","Vitamin-D-Supplementierung vor oder während der COVID-19-Studie geht mit einer besseren 3-Monats-Überlebensrate bei geriatrischen Patienten einher: Verlängerungsphase der GERIA-COVID-Studie","1","https://www.sciencedirect.com/science/article/pii/S0960076021001515","Therapeutics"
"37","The Journal of Steroid Biochemistry and Molecular Biology","3","","The Journal of Steroid Biochemistry and Molecular Biology"
"38","Die Rolle des Vitamin-D-Mangels auf das Covid-19: Eine systematische Überprüfung und Meta-Analyse von Beobachtungsstudien","1","https://www.e-epih.org/journal/view.php?doi=10.4178/epih.e2021074","Therapeutics"
"39","Epidemiology and Health","1","","Epidemiology and Health"
"40","Nicht-pharmakologische Maßnahmen zur Vorbeugung und Behandlung der COVID-19-Infektion","1","https://www.ncbi.nlm.nih.gov/pmc/articles/PMC8563044/","Therapeutics"
"41","Medical Archives","1","","Medical Archives"
"42","ACE2 und angeborene Immunität bei der Regulierung von SARS-CoV-2-induzierten akuten Lungenverletzungen: Ein Überblick","1","https://www.mdpi.com/1422-0067/22/21/11483/htm","Therapeutics"
"43","International Journal of Molecular Sciences","7","","International Journal of Molecular Sciences"
"44","Adipositas und schwere Coronavirus-Erkrankungen 2019: Molekulare Mechanismen, Lösungsansätze und therapeutische Möglichkeiten","1","https://www.thno.org/v11p8234.htm","Therapeutics"
"45","Theranostics","1","","Theranostics"
"46","Untersuchung des Potenzials von ultraviolettem Licht zur Beeinflussung der Morbidität und Mortalität durch COVID-19: A Narrative Review and Update","1","https://www.frontiersin.org/articles/10.3389/fcvm.2020.616527/full","Therapeutics"
"47","Frontiers in Cardiovascular Medicine","1","","Frontiers in Cardiovascular Medicine"
"48","COVID-19 und Selenmangel: ein systematischer Überblick","1","https://www.ncbi.nlm.nih.gov/pmc/articles/PMC8569840/?s=03","Therapeutics"
"49","Biological Trace Element Research","3","","Biological Trace Element Research"
"50","Die Auswirkung von aerobem Training auf Immunbiomarker und den Schweregrad und das Fortschreiten der Symptome bei Patienten mit COVID-19: Eine randomisierte Kontrollstudie","1","https://www.bodyworkmovementtherapies.com/article/S1360-8592(21)00167-4/fulltext","Therapeutics"
"51","Journal of Bodywork and Movement Therapies","1","","Journal of Bodywork and Movement Therapies"
"52","Veränderungen der körperlichen Aktivität und des sitzenden Verhaltens vor und während der COVID-19-Pandemie: eine systematische Übersicht","1","https://bmjopensem.bmj.com/content/7/1/e000960","Therapeutics"
"53","BMJ Open Sport & Exercise Medicine","1","","BMJ Open Sport & Exercise Medicine"
"54","Zusammenhang zwischen Vitamin D und COVID-19 bei älteren Menschen: Eine systematische Überprüfung","1","https://www.ncbi.nlm.nih.gov/pmc/articles/PMC8073922/","Therapeutics"
"55","Vitamin D, Zink und Glutamin: Synergistische Wirkung mit dem Immunmodulator OncoTherad bei der Interferonsignalisierung und COVID-19","1","https://www.spandidos-publications.com/ijmm/47/3/11","Therapeutics"
"56","International Journal of Molecular Medicine","2","","International Journal of Molecular Medicine"
"57","Zerebrale Venenthrombose nach Impfung gegen COVID-19 im Vereinigten Königreich: eine multizentrische Kohortenstudie","1","https://www.thelancet.com/journals/lancet/article/PIIS0140-6736(21)01608-1/fulltext","Vaccines"
"58","The Lancet","14","","The Lancet"
"59","Unzureichende Beweise für die Verwendung von Vitamin D bei COVID-19: Eine schnelle systematische Überprüfung","1","https://www.ncbi.nlm.nih.gov/pmc/articles/PMC8420259/","Therapeutics"
"60","International Journal of Clinical Practice","2","","International Journal of Clinical Practice"
"61","Nano-Biofortifikation verschiedener Nutzpflanzen zur Immunisierung gegen COVID-19: Eine Übersicht","1","https://www.sciencedirect.com/science/article/pii/S0147651321006126","Therapeutics"
"62","Ecotoxicology and Environmental Safety","1","","Ecotoxicology and Environmental Safety"
"63","Abklingen der Spike-Antikörper nach der zweiten Dosis von BNT162b2 oder ChAdOx1","1","https://www.thelancet.com/journals/lancet/article/PIIS0140-6736(21)01642-1/fulltext","Vaccines"
"64","Die Vitamin D für COVID-19 (VIVID) Studie: Ein pragmatisches cluster-randomisiertes Design","1","https://www.sciencedirect.com/science/article/pii/S1551714420302548?via%3Dihub","Therapeutics"
"65","Contemporary Clinical Trials","1","","Contemporary Clinical Trials"
"66","Auswirkungen von Vitamin D auf COVID-19-Infektion und Prognose: A Systematic Review","1","https://www.dovepress.com/effects-of-vitamin-d-on-covid-19-infection-and-prognosis-a-systematic--peer-reviewed-fulltext-article-RMHP","Therapeutics"
"67","Risk Management and Healthcare Policy","1","","Risk Management and Healthcare Policy"
"68","Das Aufkommen wirksamer oraler Anti-COVID-19-Medikamente in der Ära nach der Impfung","1","https://www.thelancet.com/journals/lanmic/article/PIIS2666-5247(21)00278-0/fulltext","Therapeutics"
"69","Die Wirkung einer frühzeitigen Behandlung mit Ivermectin auf die Viruslast, die Symptome und die humorale Reaktion bei Patienten mit nicht schwerem COVID-19: Eine doppelblinde, placebokontrollierte, randomisierte klinische Pilotstudie","1","https://www.thelancet.com/journals/eclinm/article/PIIS2589-5370(20)30464-8/fulltext","Therapeutics"
"70","Selen zu Selenoproteinen - Rolle bei COVID-19","1","https://www.ncbi.nlm.nih.gov/pmc/articles/PMC8144537/","Therapeutics"
"71","EXCLI Journal","1","","EXCLI Journal"
"72","Autokrine Vitamin D-Signalisierung schaltet pro-inflammatorische Programme von TH1-Zellen aus","1","https://www.nature.com/articles/s41590-021-01080-3?s=03","Therapeutics"
"73","Nature Immunology","2","","Nature Immunology"
"74","Sonnenlichtexposition und Phototherapie: Perspektiven für gesundes Altern in einer Ära von COVID-19","1","https://pubmed.ncbi.nlm.nih.gov/34682694/","Therapeutics"
"75","Bromhexinhydrochlorid-Tabletten für die Behandlung von mäßigem COVID-19: Eine offene, randomisierte, kontrollierte Pilotstudie","1","https://ascpt.onlinelibrary.wiley.com/doi/full/10.1111/cts.12881","Therapeutics"
"76","Clinical and Translational Science","2","","Clinical and Translational Science"
"77","Immunologische Aspekte der SARS-CoV-2-Infektion und die vermutete positive Rolle von Vitamin D","1","https://www.mdpi.com/1422-0067/22/10/5251/htm","Therapeutics"
"78","Eine Übersicht über die Rolle von Mikronährstoffen und bioaktiven Verbindungen bei der Unterstützung des Immunsystems im Kampf gegen die COVID-19-Krankheit","1","https://www.mdpi.com/2304-8158/10/5/1088/htm","Therapeutics"
"79","Foods","1","","Foods"
"80","Vitamin-D-Supplementierung und klinische Ergebnisse bei COVID-19: eine systematische Überprüfung und Meta-Analyse","1","https://www.ncbi.nlm.nih.gov/pmc/articles/PMC8223190/","Therapeutics"
"81","NLM","4","","NLM"
"82","Psychische Gesundheit und körperliches Aktivitätsniveau während der COVID-19-Pandemie: Eine systematische Überprüfung","1","https://www.mdpi.com/1660-4601/17/24/9419/htm","Therapeutics"
"83","International Journal of Environment Research and Public Health","2","","International Journal of Environment Research and Public Health"
"84","Nahrungsergänzungsmittel und Nutrazeutika, die zur Prävention und Behandlung von COVID-19 untersucht werden","1","https://journals.asm.org/doi/10.1128/mSystems.00122-21","Therapeutics"
"85","mSystems","1","","mSystems"
"86","Wirkung einer Calcifediol-Behandlung und der besten verfügbaren Therapie im Vergleich zur besten verfügbaren Therapie auf die Aufnahme in die Intensivstation und die Sterblichkeit bei Patienten, die wegen COVID-19 stationär behandelt werden: Eine randomisierte klinische Pilotstudie","1","https://www.sciencedirect.com/science/article/pii/S0960076020302764","Therapeutics"
"87","Ein einfacher Algorithmus für die Heimtherapie zur Vermeidung von Krankenhausaufenthalten bei COVID-19-Patienten: Eine retrospektive, beobachtende Matched-Cohort-Studie","1","https://www.thelancet.com/journals/eclinm/article/PIIS2589-5370(21)00221-2/fulltext","Therapeutics"
"88","ZURÜCKGEZOGEN: Ein Bericht über unerwünschte Myokarditis-Ereignisse im U.S. Vaccine Adverse Events Reporting System (VAERS) in Verbindung mit COVID-19 injizierbaren biologischen Produkten","1","https://www.sciencedirect.com/science/article/pii/S0146280621002267?via%3Dihub","Vaccines"
"89","Die Auswirkungen von Vitamin D auf das Immunsystem und entzündliche Erkrankungen","1","https://www.mdpi.com/2218-273X/11/11/1624/htm","Therapeutics"
"90","Biomolecules","1","","Biomolecules"
"91","Women’s Lives Matter - Die dringende Notwendigkeit für Frauen einer optimalen körperlichen Aktivität, um das Risiko und den Schweregrad von COVID-19-Erkrankungen zu reduzieren","1","https://www.mdpi.com/1660-4601/18/19/10271/htm","Therapeutics"
"92","Die immunmodulatorische Rolle von Nährstoffen: Wie können sich Lungenfunktionsstörungen verbessern?","1","https://www.frontiersin.org/articles/10.3389/fnut.2021.674258/full","Therapeutics"
"93","Frontiers in Nutrition","3","","Frontiers in Nutrition"
"94","Die Rolle einer entzündungshemmenden Ernährung in Verbindung mit COVID-19","1","https://www.mdpi.com/2079-9721/9/4/76/htm","Therapeutics"
"95","Diseases","1","","Diseases"
"96","Der Zusammenhang zwischen Vitamin D und der Darmmikrobiota: Eine systematische Überprüfung von Humanstudien","1","https://www.mdpi.com/2072-6643/13/10/3378/htm","Therapeutics"
"97","Die Rolle von Vitamin D bei der Regulierung des Schweregrads von COVID-19 - eine immunologische Perspektive","1","https://jlb.onlinelibrary.wiley.com/doi/10.1002/JLB.4COVR1020-698R","Therapeutics"
"98","Journal of Leukocyte Biologyy","1","","Journal of Leukocyte Biologyy"
"99","Der mögliche Nutzen von Vitamin D in COVID-19","1","https://www.ncbi.nlm.nih.gov/pmc/articles/PMC8149468/","Therapeutics"
"100","Nutrition","3","","Nutrition"
"101","Vitamin-D-Supplementierung und klinische Ergebnisse bei COVID-19: eine systematische Überprüfung und Meta-Analyse","1","https://www.ncbi.nlm.nih.gov/pmc/articles/PMC8223190/","Therapeutics"
"102","Journal of Endocrinological Investigation","1","","Journal of Endocrinological Investigation"
"103","Korrelation von Vitamin-D-Spiegeln mit COVID-19-Schweregrad und Verlauf","1","https://ijcp.in/Pages/Post_Detail.aspx?wid=21011&Correlation%20of%20Vitamin%20D%20Levels%20with%20COVID-19%20Severity%20and%20Outcome","Therapeutics"
"104","Indian Journal of Clinical Practice","1","","Indian Journal of Clinical Practice"
"105","Vitamin-D-Mangel und Therapieergebnis von COVID-19-Patienten","1","https://www.mdpi.com/2072-6643/12/9/2757/htm","Therapeutics"
"106","COVID-19 ambulante Patienten: frühe risikostratifizierte Behandlung mit Zink plus niedrig dosiertem Hydroxychloroquin und Azithromycin: eine retrospektive Fallserienstudie","1","https://www.sciencedirect.com/science/article/pii/S0924857920304258","Therapeutics"
"107","International Journal of Antimicrobial Agents","1","","International Journal of Antimicrobial Agents"
"108","SARS-CoV-2 löst unabhängig vom Schweregrad der Erkrankung robuste adaptive Immunreaktionen aus","1","https://www.thelancet.com/journals/ebiom/article/PIIS2352-3964(21)00203-6/fulltext","Immunity"
"109","Vitamin-D-Regulierung des Immunsystems und seine Auswirkungen auf COVID-19: Ein kleiner Überblick","1","https://journals.sagepub.com/doi/10.1177/20503121211014073","Therapeutics"
"110","SAGE Open Medicine","1","","SAGE Open Medicine"
"111","Auswirkung einer Vitamin-D-Supplementierung auf den Muskelstatus bei älteren Patienten, die sich von einer COVID-19-Infektion erholen","1","https://www.ncbi.nlm.nih.gov/pmc/articles/PMC8537350/","Therapeutics"
"112","Medicina (Kaunas, Lithuania)","1","","Medicina (Kaunas, Lithuania)"
"113","Vitamin-D-Mangel: ein Problem für rheumatoide Arthritis und COVID-19?","1","https://www.ncbi.nlm.nih.gov/pmc/articles/PMC8401347/","Therapeutics"
"114","Intravenöses hochdosiertes Vitamin C zur Behandlung von schwerem COVID-19: Studienprotokoll für eine multizentrische randomisierte kontrollierte Studie","1","https://bmjopen.bmj.com/content/10/7/e039519.long","Therapeutics"
"115","BMJ Open","3","","BMJ Open"
"116"," Eine systematische Übersichtsarbeit zu Detrainingseffekten nach Gleichgewichts- und Sturzpräventionsinterventionen","1","https://www.mdpi.com/2077-0383/10/20/4656/htm","Therapeutics"
"117","Journal of Clinical Medicine","2","","Journal of Clinical Medicine"
"118","Das Zusammenspiel von Ernährung und COVID-19: ein Überblick","1","https://www.ncbi.nlm.nih.gov/pmc/articles/PMC8627159/","Therapeutics"
"119","Current Nutrition Reports","3","","Current Nutrition Reports"
"120","COVID-19-Pandemie und verminderte körperliche Aktivität: Gibt es einen Einfluss auf gesunde und asthmatische Kinder?","1","https://www.frontiersin.org/articles/10.3389/fped.2021.695703/full","Therapeutics"
"121","Frontiers in Pediatrics","1","","Frontiers in Pediatrics"
"122","Impfstoffinduzierte thrombotische Thrombozytopenie: Das düstere Kapitel einer Erfolgsgeschichte.","1","https://www.sciencedirect.com/science/article/pii/S2589936821000256","Vaccines"
"123","Metabolism Open","3","","Metabolism Open"
"124","Stoffwechsel- und Entzündungszustand bei SARS-CoV-2 und die potenzielle Rolle gewohnheitsmäßiger Bewegung bei der Verringerung des Schweregrads der Erkrankung","1","https://link.springer.com/article/10.1007%2Fs00011-021-01517-3","Therapeutics"
"125","Inflammation Research","2","","Inflammation Research"
"126","SARS-CoV-2-Spike beeinträchtigt DNA-Schadensreparatur und hemmt V(D)J-Rekombination in vitro","1","https://www.mdpi.com/1999-4915/13/10/2056","Virus"
"127","Virus","8","","Virus"
"128","MDPI","1","","MDPI"
"129","COVID-19 und IL-6: Warum Vitamin D (wahrscheinlich) hilft, Tocilizumab aber vielleicht nicht","1","https://www.sciencedirect.com/science/article/pii/S0014299921001849","Therapeutics"
"130","European Journal of Pharmacology","1","","European Journal of Pharmacology"
"131","Vitamin-D-Supplementierung beugt Rachitis und akuten Atemwegsinfektionen vor, wenn sie als tägliche Erhaltungsdosis, nicht aber als intermittierender Bolus verabreicht wird: Auswirkungen auf COVID-19","1","https://www.rcpjournals.org/content/clinmedicine/21/2/e144","Therapeutics"
"132","Clinical Medicine Journal","1","","Clinical Medicine Journal"
"133","Möglicher Nutzen einer Vitamin-D-Supplementierung bei Menschen mit Atemwegserkrankungen während der COVID-19-Pandemie","1","https://www.ncbi.nlm.nih.gov/pmc/articles/PMC8239894/","Therapeutics"
"134","Die Rolle von Vitaminen und Mineralien als Immunitätsverstärker in COVID-19","1","https://www.ncbi.nlm.nih.gov/pmc/articles/PMC8190991/","Therapeutics"
"135","Inflammopharmacology","2","","Inflammopharmacology"
"136","Die Rolle der Ernährung bei der Anfälligkeit für COVID-19 und der Schwere der Erkrankung: Systematic Review","1","https://academic.oup.com/jn/article/151/7/1854/6274856","Therapeutics"
"137","The Journal of Nutrition","1","","The Journal of Nutrition"
"138","Übertragung in der Gemeinschaft und Kinetik der Viruslast der SARS-CoV-2 delta (B.1.617.2)-Variante bei geimpften und ungeimpften Personen im Vereinigten Königreich: eine prospektive Längsschnitt-Kohortenstudie","1","https://www.thelancet.com/journals/laninf/article/PIIS1473-3099%2821%2900648-4/fulltext","Virus"
"139","TMPRSS2: Ein potenzielles Ziel für die Behandlung von Infektionen mit Influenza- und Coronaviren","1","https://www.ncbi.nlm.nih.gov/pmc/articles/PMC7116903/","Therapeutics"
"140","Biochimie","1","","Biochimie"
"141","Vitamin D in Corona Virus Disease 2019 (COVID-19) Related Multisystem Inflammatory Syndrome in Children (MIS-C)","1","https://www.frontiersin.org/articles/10.3389/fimmu.2021.648546/full","Therapeutics"
"142","Frontiers in Immunology","2","","Frontiers in Immunology"
"143","Ernährung und die Covid-19-Pandemie: Drei Faktoren mit großem Einfluss auf die Gesundheit der Bevölkerung","1","https://www.nmcd-journal.com/article/S0939-4753(20)30509-3/fulltext","Therapeutics"
"144","Nutrition, Metabolism and Cardiovascular Diseases","1","","Nutrition, Metabolism and Cardiovascular Diseases"
"145","Hydroxychloroquin und Azithromycin zur Behandlung von COVID-19: Ergebnisse einer offenen nicht-randomisierten klinischen Studie","1","https://www.sciencedirect.com/science/article/pii/S0924857920300996?via%3Dihub","Therapeutics"
"146","Aktive Vitamin-D-Supplementierung und COVID-19-Infektionen: Übersicht","1","https://www.ncbi.nlm.nih.gov/pmc/articles/PMC7787599/","Therapeutics"
"147","Irish Journal of Medical Science","1","","Irish Journal of Medical Science"
"148","SARS-CoV-2-Spike beeinträchtigt DNA-Schadensreparatur und hemmt V(D)J-Rekombination in vitro","1","https://www.mdpi.com/1999-4915/13/10/2056","Virus"
"149","viruses","1","","viruses"
"150","COVID-19 und Diabetes","1","https://www.mdpi.com/2077-0383/10/22/5341/htm","Therapeutics"
"151","Vorläufige Ergebnisse zur Sicherheit des mRNA-Impfstoffs Covid-19 bei Schwangeren","1","https://www.nejm.org/doi/10.1056/NEJMoa2104983","Vaccines"
"152","The New England Journal of Medicine","1","","The New England Journal of Medicine"
"153","Adenovirale Vektor-DNA- und SARS-CoV-2-mRNA-basierte Covid-19-Impfstoffe: Mögliche Integration in das menschliche Genom - Werden Adenovirus-Gene in vektorbasierten Impfstoffen exprimiert?","1","https://www.sciencedirect.com/science/article/pii/S0168170221001738?via%3Dihub","Vaccines"
"154","Ergebnisse der offenen, nicht-randomisierten klinischen Vergleichsstudie: ""Bromhexin und Spironolacton bei hospizpflichtiger Coronavirus-Infektion (BISCUIT)""","1","https://covid-19.cochrane.org/studies/crs-16367311","Therapeutics"
"155","Kardiologiia","1","","Kardiologiia"
"156","Mikronährstoffe für den potenziellen therapeutischen Einsatz gegen COVID-19; eine Übersicht","1","https://www.ncbi.nlm.nih.gov/pmc/articles/PMC8487093/","Therapeutics"
"157","Clinical Nutrition ESPEN","3","","Clinical Nutrition ESPEN"
"158","Auswirkungen des Vitamin-D-Mangels auf die COVID-19-Infektion und -Mortalität in asiatischen Ländern","1","https://www.sciencedirect.com/science/article/pii/S1871402121000746","Therapeutics"
"159","Diabetes & Metabolic Syndrome Clinical Research & Reviews","1","","Diabetes & Metabolic Syndrome Clinical Research & Reviews"
"160","Vitamin-D-Supplementierung zur Behandlung von SARS-CoV-2-positiven Patienten. Beweise aus Meta-Analyse","1","https://journals.viamedica.pl/cardiology_journal/article/view/85559","Therapeutics"
"161","Cardiology Journal","2","","Cardiology Journal"
"162","Die Rolle von Mikronährstoffen zur Unterstützung der Immunität für die COVID-19-Prävention","1","https://www.ncbi.nlm.nih.gov/pmc/articles/PMC8412872/","Therapeutics"
"163","Revista Brasileira de Farmacognosia","1","","Revista Brasileira de Farmacognosia"
"164","Psychische Gesundheit und die Rolle der körperlichen Aktivität während der COVID-19-Pandemie","1","https://www.frontiersin.org/articles/10.3389/fpsyg.2021.759987/full","Therapeutics"
"165","Frontiers in Psychology","2","","Frontiers in Psychology"
"166","Todesfälle im Zusammenhang mit der neu eingeführten SARS-CoV-2-Impfung (Comirnaty®)","1","https://pubmed.ncbi.nlm.nih.gov/33895650/","Vaccines"
"167","Elsevier","2","","Elsevier"
"168","Korrelate der neutralisierenden/SARS-CoV-2-S1-bindenden Antikörperreaktion mit unerwünschten Wirkungen und Immunkinetik bei BNT162b2-geimpften Personen","1","https://www.medrxiv.org/content/10.1101/2021.07.27.21261237v1.full","Vaccines"
"169","medRxiv","3","","medRxiv"
"170","Ernährung während der aktuellen COVID-19-Pandemie. Ein narrativer Rückblick","1","https://www.mdpi.com/2072-6643/13/6/1924/htm","Therapeutics"
"171","Entwicklung der Antikörperreaktionen bis zu 13 Monate nach einer SARS-CoV-2-Infektion und Risiko einer Reinfektion","1","https://www.thelancet.com/journals/ebiom/article/PIIS2352-3964(21)00354-6/fulltext","Immunity"
"172","Vitamine und andere immununterstützende Elemente als Kofaktoren für das Überstehen der COVID-19-Pandemie","1","https://www.ncbi.nlm.nih.gov/pmc/articles/PMC8554510/","Therapeutics"
"173","Beni-Suef University Journal of Basic and Applied Sciences","2","","Beni-Suef University Journal of Basic and Applied Sciences"
"174","Impfstoff-induzierte immunthrombotische Thrombozytopenie und zerebrale venöse Sinusthrombose nach COVID-19-Impfung; eine systematische Übersicht.","1","https://www.jns-journal.com/article/S0022-510X(21)00301-4/fulltext","Vaccines"
"175","Journal of Neurological Sciences","2","","Journal of Neurological Sciences"
"176","COVID-19 Krankheitsschwere und Tod im Verhältnis zum Vitamin-D-Status bei SARS-CoV-2-positiven Einwohnern der Vereinigten Arabischen Emirate","1","https://www.mdpi.com/2072-6643/13/5/1714/htm","Therapeutics"
"177","Mögliche physiologische und zelluläre Mechanismen von Bewegung, die das Risiko schwerer Komplikationen und der Sterblichkeit nach einer SARS-CoV-2-Infektion verringern","1","https://www.mdpi.com/2075-4663/9/9/121/htm","Therapeutics"
"178","Sports","1","","Sports"
"179","Ist Hesperidin für die Prophylaxe und Behandlung der COVID-19-Infektion unerlässlich?","1","https://www.sciencedirect.com/science/article/pii/S030698772031358X?via%3Dihub","Therapeutics"
"180","Medical Hypotheses","1","","Medical Hypotheses"
"181","Niedriger Vitamin-D-Status steht in Zusammenhang mit den Ergebnissen der Coronavirus-Erkrankung 2019: eine systematische Überprüfung und Meta-Analyse","1","https://www.ijidonline.com/article/S1201-9712(20)32600-X/fulltext","Therapeutics"
"182","International Journal of Infectious Diseases","2","","International Journal of Infectious Diseases"
"183","StudientAbstract 10712: Mrna COVID-Impfstoffe erhöhen drastisch die Entzündungsmarker im Endothel und das ACS-Risiko, gemessen mit dem PULS-Herztest: eine Warnungitel","1","https://www.ahajournals.org/doi/10.1161/circ.144.suppl_1.10712","Vaccines"
"184","AHA","1","","AHA"
"185","Ein mechanistischer Zusammenhang zwischen Selen und Coronavirus-Erkrankungen 2019 (COVID-19)","1","https://www.ncbi.nlm.nih.gov/pmc/articles/PMC8033553/","Therapeutics"
"186","Zusammenhang zwischen Vitamin-D-Mangel und der Schwere der COVID-19-Infektion: Systematische Überprüfung und Meta-Analyse","1","https://onlinelibrary.wiley.com/doi/10.1111/cen.14540","Therapeutics"
"187","Reviews in endocrine & metabolic disorders","1","","Reviews in endocrine & metabolic disorders"
"188","Patientenernährung und probiotische Therapie bei COVID-19: Was wissen wir im Jahr 2021?","1","https://www.mdpi.com/2072-6643/13/10/3385/htm","Therapeutics"
"189","Adipositas in der COVID-19-Ära, Implikationen für Mechanismen, Komorbiditäten und Prognose: eine Übersichtsarbeit und Meta-Analyse","1","https://www.nature.com/articles/s41366-021-00776-8","Therapeutics"
"190","International Journal of Obesity","1","","International Journal of Obesity"
"191","Der Zusammenhang zwischen Vitamin D und Infektionen einschließlich COVID-19: Any Hopes?","1","https://www.dovepress.com/the-relationship-between-vitamin-d-and-infections-including-covid-19-a-peer-reviewed-fulltext-article-IJGM","Therapeutics"
"192","International Journal of General Medicine","2","","International Journal of General Medicine"
"193","Auswirkungen der COVID-19-Pandemie auf das körperliche Aktivitätsniveau von Universitätsstudenten: Eine frühe systematische Überprüfung","1","https://www.frontiersin.org/articles/10.3389/fpsyg.2020.624567/full","Therapeutics"
"194","Schnelle und wirksame Vitamin D-Supplementierung kann bei COVID-19 (SARS-CoV-2) Patienten durch Veränderung von INOS1, IL1B, IFNg, Cathelicidin-LL37 und ICAM1 im Serum zu besseren klinischen Ergebnissen führen""","1","https://www.mdpi.com/2072-6643/13/11/4047/htm","Therapeutics"
"195","Selbstmedikationspraktiken zur Vorbeugung oder Behandlung von COVID-19: Eine systematische Überprüfung","1","https://journals.plos.org/plosone/article?id=10.1371/journal.pone.0259317","Therapeutics"
"196","Plos One","2","","Plos One"
"197","20-Wochen-Studie zu den klinischen Ergebnissen der rezeptfreien COVID-19-Prophylaxe und -Behandlung","1","https://www.ncbi.nlm.nih.gov/pmc/articles/PMC8264737/","Therapeutics"
"198","Biochemische Bedeutung der Serum-Ferritin- und D-Dimer-Parameter bei der Diagnose von COVID 19","1","https://www.sciencedirect.com/science/article/pii/S1319562X21007282","Therapeutics"
"199","Saudi Journal of Biological Sciences","1","","Saudi Journal of Biological Sciences"
"200","Vorhersage der Überlebenschancen bei COVID-19 durch Zink, Alter und Selenoprotein P als zusammengesetzter Biomarker","1","https://www.sciencedirect.com/science/article/pii/S2213231720309691","Therapeutics"
"201","Redox Biology","1","","Redox Biology"
"202","Ausbruch von SARS-CoV-2-Infektionen, einschließlich COVID-19-Impfstoff-Durchbruchsinfektionen, im Zusammenhang mit großen öffentlichen Versammlungen - Barnstable County, Massachusetts, Juli 2021 ","1","https://pubmed.ncbi.nlm.nih.gov/34351882/","Vaccines"
"203","Identifizierung von Inhibitoren der 3-Chymotrypsin-ähnlichen Protease (3CLPro) als potenzielle Wirkstoffe gegen SARS-CoV-2","1","https://www.nature.com/articles/s42003-020-01577-x","Therapeutics"
"204","Communications Biology","1","","Communications Biology"
"205","Entzündungshemmende Wirkung von Interleukin-6 aus der Muskulatur und seine Beteiligung am Fettstoffwechsel","1","https://www.mdpi.com/1422-0067/22/18/9889/htm","Therapeutics"
"206","Antikörpertiter sinken 3 Monate nach der Impfung mit BNT162b2","1","https://www.tandfonline.com/doi/full/10.1080/22221751.2021.1953403","Vaccines"
"207","Taylor & Francis","2","","Taylor & Francis"
"208","Thrombotische Thrombozytopenie nach ChAdOx1 nCov-19-Impfung","1","https://www.nejm.org/doi/10.1056/NEJMoa2104840","Vaccines"
"209","New England Journal of Medicine","1","","New England Journal of Medicine"
"210","Vitamin D und COVID-19: Die Rolle von ACE2, Alter, Geschlecht und ethnischer Zugehörigkeit","1","https://europepmc.org/article/MED/33990955","Therapeutics"
"211","Journal of Medical Virology","1","","Journal of Medical Virology"
"212","Hypokalzämie bei COVID-19: Prävalenz, klinische Bedeutung und therapeutische Implikationen","1","https://link.springer.com/article/10.1007%2Fs11154-021-09655-z","Therapeutics"
"213","Calcifediol-Behandlung und COVID-19-bezogene Ergebnisse","1","https://academic.oup.com/jcem/article/106/10/e4017/6294179","Therapeutics"
"214","The Journal of Clinical Endocrinology & Metabolism","1","","The Journal of Clinical Endocrinology & Metabolism"
"215","Hesperidin ist ein potenzieller Hemmstoff gegen die SARS-CoV-2-Infektion","1","https://www.mdpi.com/2072-6643/13/8/2800/htm","Therapeutics"
"216","Könnten Nahrungsergänzungsmittel als therapeutische Adjuvantien bei COVID-19 wirken?","1","https://ijponline.biomedcentral.com/articles/10.1186/s13052-021-00990-0","Therapeutics"
"217","Italian Journal of Pediatrics","1","","Italian Journal of Pediatrics"
"218","Auswirkungen einer täglichen hochdosierten oralen Vitamin-D-Therapie auf die Entzündungsmarker bei Patienten mit COVID 19-Krankheit","1","https://www.nature.com/articles/s41598-021-90189-4","Therapeutics"
"219","Scientific Reports","1","","Scientific Reports"
"220","COVID-19: Stigmatisierung der Ungeimpften ist nicht gerechtfertigt","1","https://www.thelancet.com/journals/lancet/article/PIIS0140-6736(21)02243-1/fulltext#seccestitle10","Vaccines"
"221","Spektrum der neurologischen Komplikationen nach COVID-19-Impfung","1","https://link.springer.com/article/10.1007%2Fs10072-021-05662-9","Vaccines"
"222","Neurological Sciences","1","","Neurological Sciences"
"223","Selenmangel aufgrund von Ernährung, Schwangerschaft, schwerer Krankheit oder COVID-19 - ein vermeidbarer Auslöser für Autoimmunerkrankungen","1","https://www.mdpi.com/1422-0067/22/16/8532/htm","Therapeutics"
"224","Behandlung von SARS-CoV-2 mit hochdosierten oralen Zinksalzen: Ein Bericht über vier Patienten","1","https://www.sciencedirect.com/science/article/pii/S1201971220304410","Therapeutics"
"225","Die Rolle von Vitamin D bei der Verringerung der SARS-CoV-2-Infektion: Ein Update","1","https://www.sciencedirect.com/science/article/pii/S1567576921003222","Therapeutics"
"226","International Immunopharmacology","1","","International Immunopharmacology"
"227","Niedrige Zinkwerte bei der Aufnahme stehen in Zusammenhang mit schlechten klinischen Ergebnissen bei SARS-CoV-2-Infektion","1","https://www.mdpi.com/2072-6643/13/2/562/htm","Therapeutics"
"228","Bewertung des Vitamin-D-Status und dessen Zusammenhang mit den klinischen Ergebnissen bei COVID-19-Patienten in Pakistan","1","https://www.ajtmh.org/view/journals/tpmd/aop/article-10.4269-ajtmh.21-0577/article-10.4269-ajtmh.21-0577.xml?tab_body=abstract","Therapeutics"
"229","The American Journal of Tropical Medicine and Hygiene","1","","The American Journal of Tropical Medicine and Hygiene"
"230","Hesperidin und SARS-CoV-2: Neues Licht auf die gesundheitliche Funktion von Zitrusfrüchten","1","https://www.mdpi.com/2076-3921/9/8/742/htm","Therapeutics"
"231","Antioxidants","1","","Antioxidants"
"232","Enträtselung der Rolle des Vitamin-D-Status und des Melanins bei Covid-19","1","https://www.spandidos-publications.com/10.3892/ijmm.2020.4802","Therapeutics"
"233","Ivermectin: ein vielseitiges, mit dem Nobelpreis ausgezeichnetes Medikament mit nachgewiesener Wirksamkeit gegen eine neue globale Geißel, COVID-19","1","https://www.sciencedirect.com/science/article/pii/S2052297521000883?via%3Dihub","Therapeutics"
"234","Zink zur Vorbeugung oder Behandlung von akuten viralen Atemwegsinfektionen bei Erwachsenen: eine schnelle systematische Überprüfung und Meta-Analyse von randomisierten kontrollierten Studien","1","https://bmjopen.bmj.com/content/11/11/e047474.long","Therapeutics"
"235","Myokarditis nach Immunisierung mit mRNA-COVID-19-Impfstoffen bei Angehörigen des US-Militärs","1","https://jamanetwork.com/journals/jamacardiology/fullarticle/2781601","Vaccines"
"236","JAMA Cardiology","2","","JAMA Cardiology"
"237","Kein signifikanter Unterschied in der Viruslast zwischen geimpften und ungeimpften, asymptomatischen und symptomatischen Gruppen bei Infektion mit der SARS-CoV-2 Delta-Variante","1","https://www.medrxiv.org/content/10.1101/2021.09.28.21264262v2.full","Virus"
"238","Bedeutung von Vitamin D 3 bei der COVID-19-Infektion","1","https://www.ncbi.nlm.nih.gov/pmc/articles/PMC8260490/","Therapeutics"
"239","Gene Reports","1","","Gene Reports"
"240","Mögliche Rolle von Vitamin D bei der COVID-19-Impfung","1","https://www.mdpi.com/1422-0067/22/16/8988/htm","Therapeutics"
"241","Immunoassay auf der Basis von Magnetkügelchen ermöglicht schnellen, kostengünstigen und quantitativen Nachweis von menschlichen SARS-CoV-2-Antikörpern","1","https://pubs.acs.org/doi/10.1021/acssensors.0c02544","Immunity"
"242","ACS","1","","ACS"
"243","Ansätze zum Ernährungsscreening bei Patienten mit Coronavirus-Erkrankungen 2019 (COVID-19)","1","https://www.mdpi.com/1660-4601/18/5/2772/htm","Therapeutics"
"244","Steht das Heparin-induzierte Thrombozytopenie-ähnliche Syndrom im Zusammenhang mit dem ChAdOx-Impfstoff mit dem Impfstoff selbst oder mit einer Autoimmunreaktion auf das Coronavirus des schweren akuten respiratorischen Syndroms 2 in Zusammenhang: Erkenntnisse und Implikationen aus früheren Berichten über infizierte Fälle?","1","https://www.sciencedirect.com/science/article/pii/S2052297521000482","Vaccines"
"245","New Microbes and New Infections","1","","New Microbes and New Infections"
"246","Impfstoffinduzierte thrombotische Thrombozytopenie: Das düstere Kapitel einer Erfolgsgeschichte"".","1","https://www.sciencedirect.com/science/article/pii/S2589936821000256?via%3Dihub","Vaccines"
"247","Praktische Empfehlungen zur Aufrechterhaltung eines aktiven Lebensstils während der COVID-19-Pandemie: Eine systematische Literaturübersicht","1","https://www.mdpi.com/1660-4601/17/17/6265/htm","Therapeutics"
"248","Bewegung als positiver Modulator des Alterns","1","https://www.mdpi.com/1422-0067/22/12/6278/htm","Therapeutics"
"249","Prothrombotische Immunthrombozytopenie nach COVID-19-Impfung","1","https://www.sciencedirect.com/science/article/pii/S0006497121009411","Vaccines"
"250","Blood","1","","Blood"
"251","Erforschung der Rolle von Schwermetallen und ihren Derivaten in der Pathophysiologie von COVID-19","1","https://www.ncbi.nlm.nih.gov/pmc/articles/PMC8391869/","Therapeutics"
"252","Direkte und indirekte Auswirkungen von COVID-19 bei gebrechlichen älteren Menschen: Interventionen und Empfehlungen","1","https://www.mdpi.com/2075-4426/11/10/999/htm","Therapeutics"
"253","Journal of Personalized Medicine","1","","Journal of Personalized Medicine"
"254","Niedrige 25-Hydroxyvitamin D (Vitamin D)-Serumspiegel sind mit der Anfälligkeit für COVID-19, dem Schweregrad und der Sterblichkeit verbunden: Eine systematische Überprüfung und Meta-Analyse","1","https://www.frontiersin.org/articles/10.3389/fnut.2021.660420/full","Therapeutics"
"255","Mechanismen der Immunthrombose bei impfstoffinduzierter thrombotischer Thrombozytopenie (VITT) im Vergleich zur natürlichen SARS-CoV-2-Infektion","1","https://www.sciencedirect.com/science/article/pii/S0896841121000706","Vaccines"
"256","Journal of Autoimmunity","2","","Journal of Autoimmunity"
"257","Die Rolle von Vitamin C, Vitamin D und Selen im Immunsystem gegen COVID-19","1","https://www.mdpi.com/1420-3049/25/22/5346/htm","Therapeutics"
"258","Molecules","1","","Molecules"
"259","Magnesium bei Infektionskrankheiten älterer Menschen","1","https://www.mdpi.com/2072-6643/13/1/180/htm","Therapeutics"
"260","Gibt es eine Rolle für immunstärkende Therapien bei akut erkrankten Patienten mit Coronavirus-Erkrankung 2019?","1","https://www.ncbi.nlm.nih.gov/pmc/articles/PMC8452248/","Therapeutics"
"261","Current Opinion in Critical Care","1","","Current Opinion in Critical Care"
"262","Blutgerinnsel und Blutungsereignisse nach BNT162b2 und ChAdOx1 nCoV-19 Impfstoff: Eine Analyse der europäischen Daten","1","https://www.sciencedirect.com/science/article/pii/S0896841121000937?via%3Dihub","Vaccines"
"263","SARS-CoV-2-Infektionsraten von Antikörper-positivem im Vergleich zu Antikörper-negativem Gesundheitspersonal in England: eine große, multizentrische, prospektive Kohortenstudie (SIREN)","1","https://www.thelancet.com/journals/lancet/article/PIIS0140-6736(21)00675-9/fulltext","Immunity"
"264","Das COVID-19-Mortalitätsrisiko korreliert umgekehrt mit dem Vitamin-D3-Status, und eine Mortalitätsrate nahe Null könnte theoretisch bei 50 ng/ml 25(OH)D3 erreicht werden: Ergebnisse einer systematischen Überprüfung und Meta-Analyse","1","https://www.medrxiv.org/content/10.1101/2021.09.22.21263977v1","Therapeutics"
"265","Anstieg von COVID-19 steht in 68 Ländern und 2947 Bezirken in den Vereinigten Staaten in keinem Zusammenhang mit dem Grad der Impfung","1","https://link.springer.com/article/10.1007/s10654-021-00808-7","Vaccines"
"266","Springer","1","","Springer"
"267","Wirksamkeit und Effektivität des COVID-19-Impfstoffs - der Elefant (nicht) im Raum","1","https://www.thelancet.com/journals/lanmic/article/PIIS2666-5247(21)00069-0/fulltext","Vaccines"
"268","Übertragungspotenzial von geimpften und ungeimpften Personen, die mit der SARS-CoV-2-Delta-Variante in einem Bundesgefängnis infiziert waren, Juli-August 2021 - Preprint","1","https://www.medrxiv.org/content/10.1101/2021.11.12.21265796v1.full","Vaccines"
"269","Working Paper Preprint","1","","Working Paper Preprint"
"270","Vitamin D in der Zeit der Coronavirus-Pandemie (COVID-19) - eine klinische Untersuchung aus der Sicht der öffentlichen Gesundheit und der öffentlichen psychischen Gesundheit","1","https://journals.sagepub.com/doi/10.1177/20451253211027699","Therapeutics"
"271","Therapeutic Advances in Psychopharmacology","1","","Therapeutic Advances in Psychopharmacology"
"272","Auswirkungen einer zweiwöchigen Supplementierung mit 5000 IE gegenüber 1000 IE Vitamin D3 auf die Verringerung der Symptome bei Patienten mit leichter bis mittelschwerer Covid-19-Erkrankung: Eine randomisierte klinische Studie","1","https://www.mdpi.com/2072-6643/13/7/2170/htm","Therapeutics"
"273","Zusammenhang zwischen Vitamin-D-Mangel und dem Schweregrad von COVID-19 und der Sterblichkeit in der iranischen Bevölkerung: eine prospektive Beobachtungsstudie","1","https://www.accjournal.org/journal/view.php?doi=10.4266/acc.2021.00605","Therapeutics"
"274","Acute and Critical Care","1","","Acute and Critical Care"
"275","COVID-19-Sterblichkeit steht mit niedrigen Vitamin-D-Spiegeln bei Patienten mit Risikofaktoren und/oder fortgeschrittenem Alter in Verbindung","1","https://www.sciencedirect.com/science/article/pii/S2405457721011293","Therapeutics"
"276","Kann die Zufuhr von Spurenelementen (Cu, Se und Zn) die menschliche Immunität gegen COVID-19 und seine neuen Varianten verstärken?","1","https://www.ncbi.nlm.nih.gov/pmc/articles/PMC8127438/","Therapeutics"
"277","Dem CDC gemeldete COVID-19-Impfstoff-Durchbruchsinfektionen - Vereinigte Staaten, 1. Januar bis 30. April 2021 ","1","https://pubmed.ncbi.nlm.nih.gov/34043615/","Vaccines"
"278","Vitamine, Nahrungsergänzungsmittel und COVID-19: eine Übersicht über die derzeit verfügbaren Daten","1","https://www.drugsincontext.com/vitamins-supplements-and-covid-19-a-review-of-currently-available-evidence/","Therapeutics"
"279","Drugs in Context","1","","Drugs in Context"
"280","Stärkung der Immunität bei Virusinfektionen, mit besonderer Berücksichtigung von COVID-19: Ein Überblick","1","https://www.sciencedirect.com/science/article/pii/S1871402120300801","Therapeutics"
"281","Diabetes & Metabolic Syndrome","1","","Diabetes & Metabolic Syndrome"
"282","Pharmakologische Behandlung von Patienten mit leichtem bis mittelschwerem COVID-19: Ein umfassender Überblick","1","https://www.mdpi.com/1660-4601/18/13/7212/htm","Therapeutics"
"283","Environmental Research and Public Health","1","","Environmental Research and Public Health"
"284","Die Bedeutung pflanzlicher Se-Verbindungen für die menschliche Gesundheit in der Ära der SARS-CoV-2 (COVID-19)-Pandemie","1","https://www.mdpi.com/2076-3921/10/7/1031/htm","Therapeutics"
"285","Antioxidants (Basel, CH)","1","","Antioxidants (Basel, CH)"
"286","Perspektiven der impfstoffinduzierten thrombotischen Thrombozytopenie","1","https://www.sciencedirect.com/science/article/pii/S0896841121000718","Vaccines"
"287","Zink","1","https://www.sciencedirect.com/science/article/abs/pii/S1043452621000036","Therapeutics"
"288","Advances in Food and Nutrition Research","1","","Advances in Food and Nutrition Research"
"289","Die Stärkung der Immunität der Schweizer Bevölkerung durch Mikronährstoffe: Ein narrativer Überblick und ein Aufruf zum Handeln","1","https://clinicalnutritionespen.com/article/S2405-4577(21)00114-5/fulltext","Therapeutics"
"290","Cutting Edge: Zirkulierende Exosomen mit COVID-Spike-Protein werden durch BNT162b2 (Pfizer-BioNTech)-Impfung vor der Entwicklung von Antikörpern induziert: Ein neuer Mechanismus zur Aktivierung des Immunsystems durch mRNA-Impfstoffe","1","https://www.jimmunol.org/content/early/2021/10/11/jimmunol.2100637","Vaccines"
"291","The Journal of Immunology","1","","The Journal of Immunology"
"292","Pathophysiologie der impfstoffinduzierten prothrombotischen Immunthrombozytopenie (VIPIT) und der impfstoffinduzierten thrombozytopenischen Thrombose (VITT) und ihr diagnostischer Ansatz in der Notaufnahme.","1","https://www.mdpi.com/1648-9144/57/10/997","Vaccines"
"293","Medicina","1","","Medicina"
"294","Eine prospektive Beobachtungsstudie zur Sicherheit des (rekombinanten) Impfstoffs ChAdOx1 nCoV-19 gegen Coronaviren bei Beschäftigten im Gesundheitswesen - erste Ergebnisse aus Indien","1","https://www.thelancet.com/journals/eclinm/article/PIIS2589-5370(21)00318-7/fulltext","Vaccines"
"295","Der Einfluss des Vitamin-D-Spiegels auf die COVID-19-Infektion: Systematische Überprüfung und Meta-Analyse","1","https://www.frontiersin.org/articles/10.3389/fpubh.2021.624559/full","Therapeutics"
"296","Frontiers in Public Health","1","","Frontiers in Public Health"
"297","Antikörper-Epitope bei impfstoffinduzierter immunthrombotischer Thrombozytopenie.","1","https://www.nature.com/articles/s41586-021-03744-4","Vaccines"
"298","Nature","2","","Nature"
"299","Ultraviolette Strahlung, Vitamin D und COVID-19","1","https://www.minervamedica.it/en/freehtml.php?cod=R23Y2021N03A0366","Therapeutics"
"300","Italian Journal of Dermatology and Venereology","1","","Italian Journal of Dermatology and Venereology"
"301","Zirkulierende Exosomen sind stark an der SARS-CoV-2-Infektion beteiligt","1","https://www.frontiersin.org/articles/10.3389/fmolb.2021.632290/full","Virus"
"302","Frontiers","1","","Frontiers"
"303","Vitamin D und COVID-19: Gibt es einen Zusammenhang?","1","https://link.springer.com/article/10.1007%2Fs40200-021-00775-6","Therapeutics"
"304","Journal of Diabetes & Metabolic Disorders","1","","Journal of Diabetes & Metabolic Disorders"
"305","Quercetin und Vitamin C: Eine experimentelle, synergistische Therapie zur Vorbeugung und Behandlung von SARS-CoV-2-bedingten Erkrankungen (COVID-19)","1","https://www.frontiersin.org/articles/10.3389/fimmu.2020.01451/full","Therapeutics"
"306","Die Rolle von Vitamin D bei der Regulierung des Schweregrads von COVID-19 - eine immunologische Perspektive","1","https://www.mdpi.com/1422-0067/22/19/10559/htm","Therapeutics"
"307","Mögliche therapeutische Effekte einer adjuvanten Quercetin-Supplementierung gegen eine COVID-19-Infektion im Frühstadium: Eine prospektive, randomisierte, kontrollierte und unverblindete Studie","1","https://www.dovepress.com/possible-therapeutic-effects-of-adjuvant-quercetin-supplementation-aga-peer-reviewed-fulltext-article-IJGM","Therapeutics"
"308","Vitamin-D-Supplementierung zur Vorbeugung von COVID-19-Infektionen und Todesfällen - Die sich häufenden Belege aus epidemiologischen und Interventionsstudien erfordern sofortiges Handeln","1","https://www.mdpi.com/2072-6643/13/2/411/htm","Therapeutics"
"309","Vitamin-D-Supplementierung, COVID-19 und Krankheitsschwere: eine Meta-Analyse","1","https://www.ncbi.nlm.nih.gov/pmc/articles/PMC7928587/","Therapeutics"
"310","Monthly Journal of the Association of Physicians","1","","Monthly Journal of the Association of Physicians"
"311","Prothrombotische Immunthrombozytopenie nach COVID-19-Impfung","1","https://www.sciencedirect.com/science/article/pii/S0735675721003764","Vaccines"
"312","The American Journal of Emergency Medicine","1","","The American Journal of Emergency Medicine"
"313","Auswirkungen von Heimarbeit auf die kardiovaskuläre Gesundheit: Ein neues Problem im Zusammenhang mit der COVID-19-Pandemie","1","https://www.mdpi.com/1660-4601/18/22/11882/htm","Therapeutics"
"314","Kardiovaskuläre Magnetresonanzbefunde bei nicht-hospitalisierten pädiatrischen Patienten nach der Genesung von COVID-19","1","https://onlinelibrary.wiley.com/doi/10.1002/ehf2.13678","Virus"
"315","Wiley","1","","Wiley"
"316","Waldbaden und körperliche Aktivität als Waffen gegen COVID-19: eine Übersicht","1","https://www.ncbi.nlm.nih.gov/pmc/articles/PMC8453031/","Therapeutics"
"317","Environmental Chemistry Letters","1","","Environmental Chemistry Letters"
"318","Eine Literaturübersicht über die positive Rolle von Vitaminen und Spurenelementen: Evidenz aus veröffentlichten klinischen Studien ","1","https://www.sciencedirect.com/science/article/pii/S0946672X21000791","Therapeutics"
"319","Journal of Trace Elements in Medicine and Biology","1","","Journal of Trace Elements in Medicine and Biology"
"320","Kartierung der Wirkung von Medikamenten auf ACE2 als neuartigem Zielort für die COVID-19-Therapie","1","https://www.europeanreview.org/wp/wp-content/uploads/3923-3932.pdf","Therapeutics"
"321","European Review for Medical and Pharmacological Sciences","1","","European Review for Medical and Pharmacological Sciences"
"322","Moving forward: Verständnis der Korrelate von körperlicher Aktivität und sitzendem Verhalten während COVID-19 - Ein integrativer Überblick und ein sozialökologischer Ansatz","1","https://www.mdpi.com/1660-4601/18/20/10910/htm","Therapeutics"
"323","Während der Pandemie das Gleichgewicht halten: ein Bericht über die wichtige Rolle von Mikronährstoffen bei der Verhütung von Infektionen und der Verringerung von Komplikationen bei COVID-19","1","https://www.ncbi.nlm.nih.gov/pmc/articles/PMC8096627/","Therapeutics"
"324","Lungenentzündung bei COVID-19: Mögliche Modulation durch Vitamin D","1","https://www.mdpi.com/2072-6643/13/7/2216/htm","Therapeutics"
"325","Kohortenstudie zur Bewertung der Wirkung von Vitamin D, Magnesium und Vitamin B12 in Kombination auf das Fortschreiten schwerer Erkrankungen bei älteren Patienten mit Coronavirus (COVID-19)","1","https://www.sciencedirect.com/science/article/pii/S0899900720303002","Therapeutics"
"326","Zusammenhänge zwischen Body-Mass-Index und COVID-19-Schweregrad bei 6-9 Millionen Menschen in England: eine prospektive, gemeindebasierte Kohortenstudie","1","https://www.thelancet.com/journals/landia/article/PIIS2213-8587(21)00089-9/fulltext","Virus"
"327","Labortests bei Verdacht auf COVID-19-Impfstoff-induzierte (immunologische) thrombotische Thrombozytopenie","1","https://onlinelibrary.wiley.com/doi/10.1111/ijlh.13629","Vaccines"
"328","International Journal of Laboratory Hematology","1","","International Journal of Laboratory Hematology"
"329","Impfstoff-induzierte immunthrombotische Thrombozytopenie und zerebrale venöse Sinusthrombose nach COVID-19-Impfung; eine systematische Überprüfung.","1","https://www.jns-journal.com/article/S0022-510X(21)00301-4/fulltext","Vaccines"
"330","Der Zusammenhang zwischen COVID-19 und VItamin D (VIVID): Eine systematische Überprüfung und Meta-Analyse","1","https://www.metabolismjournal.com/article/S0026-0495(21)00053-6/fulltext","Therapeutics"
"331","Metabolism","1","","Metabolism"
"332","Frühe und späte endokrine Komplikationen von COVID-19","1","https://ec.bioscientifica.com/view/journals/ec/10/9/EC-21-0184.xml","Therapeutics"
"333","Endocrine Connections","1","","Endocrine Connections"
"334","Ernährungswissenschaftlicher Ansatz zur Verbesserung der öffentlichen Gesundheit während einer COVID-19-Pandemie: Ein umfassender Überblick über antivirale Nährstoffe und Nutrazeutika","1","https://www.ncbi.nlm.nih.gov/pmc/articles/PMC8233676/","Therapeutics"
"335","Health Promotion Perspectives","1","","Health Promotion Perspectives"
"336","Ein sekundärer Ansatz mit konventionellen Medikamenten und Nahrungsergänzungsmitteln zur Wiederherstellung des aktuellen COVID-19-Status","1","https://www.sciencedirect.com/science/article/pii/S0753332221007381","Therapeutics"
"337","Biomedicine & Pharmacotherapy","1","","Biomedicine & Pharmacotherapy"
"338","SARS-CoV-2-Epitope für menschliche T-Zellen: Adaptive Immunantwort gegen COVID-19","1","https://www.sciencedirect.com/science/article/pii/S1931312821002389","Immunity"
"339","Herdenimmunität gegen Covid-19 ist im Vereinigten Königreich möglicherweise nicht erreichbar Eine hohe Impfrate wird viele Leben retten, aber sie wird wahrscheinlich nicht ausreichen, um zu verhindern, dass Covid-19 zu einer saisonalen Krankheit wird, meint Helen Thomson","1","https://www.sciencedirect.com/science/article/pii/S0262407921014482?via%3Dihub","Immunity"
"340","SARS-CoV-2-Krankheit Adjuvante Therapien und Supplemente. Durchbruch bei der Infektionsprävention","1","https://www.mdpi.com/2076-2607/9/3/525/htm","Therapeutics"
"341","Microorganisms","1","","Microorganisms"
"342","Vorhandene polymerase-spezifische T-Zellen vermehren sich bei abortivem seronegativem SARS-CoV-2","1","https://www.nature.com/articles/s41586-021-04186-8","Immunity"
"343","Risikofaktoren im Zusammenhang mit den klinischen Ergebnissen von COVID-19 und seinen Varianten im Kontext von Zytokinstürmen und Herausforderungen bei der Entwicklung von Therapien/Impfstoffen","1","https://www.mdpi.com/2076-393X/9/8/938/htm","Therapeutics"
"344","Vitamin-D-Mangel und COVID-19: Eine Fall-Kontroll-Studie in einem Krankenhaus der tertiären Versorgung in Indien","1","https://pubmed.ncbi.nlm.nih.gov/34377451/","Therapeutics"
"345","Annals of Medicine and Surgery","1","","Annals of Medicine and Surgery"
"346","Covid-19-Übertragung in Fitnesszentren in Norwegen - eine randomisierte Studie","1","https://bmcpublichealth.biomedcentral.com/articles/10.1186/s12889-021-12073-0","Therapeutics"
"347","BMC Public Health","1","","BMC Public Health"
"348","Ivermectin zur Vorbeugung und Behandlung von COVID-19","1","https://www.cochranelibrary.com/cdsr/doi/10.1002/14651858.CD015017.pub2/full","Therapeutics"
"349","Cochrane Library","1","","Cochrane Library"
"350","Ernährung und Immunität: Lehren für COVID-19","1","https://www.nature.com/articles/s41430-021-00949-8","Therapeutics"
"351","European Journal of Clinical Nutrition","1","","European Journal of Clinical Nutrition"
"352","Spontanes HIT-Syndrom: Kniegelenkersatz, Infektion und Parallelen zur impfstoffinduzierten immunthrombotischen Thrombozytopenie","1","https://www.thrombosisresearch.com/article/S0049-3848(21)00357-1/fulltext#%20","Vaccines"
"353","Thrombosis Research","1","","Thrombosis Research"
"354","Mechanismus und unerwünschte Wirkungen von COVID-19-Medikamenten: ein grundlegender Überblick","1","https://www.ncbi.nlm.nih.gov/pmc/articles/PMC8446775/","Therapeutics"
"355","International Journal of Physiology, Pathophysiology and Pharmacology","1","","International Journal of Physiology, Pathophysiology and Pharmacology"
"356","Der mRNA-Impfstoff BNT162b2 gegen SARS-CoV-2 programmiert sowohl die adaptive als auch die angeborene Immunantwort um","1","https://www.medrxiv.org/content/10.1101/2021.05.03.21256520v1.full","Vaccines"
"357","Heilpflanzen und Zink: Auswirkungen auf die COVID-19-Pandemie","1","https://www.hindawi.com/journals/tswj/2021/9632034/","Therapeutics"
"358","The Scientific World Journal","1","","The Scientific World Journal"
"359","Könnten Vitamine bei der Bekämpfung von COVID-19 helfen?","1","https://www.mdpi.com/2072-6643/12/9/2550/htm","Therapeutics"
"360","Polyanion-Immunkomplexe des Thrombozytenfaktors 4: Heparin-induzierte Thrombozytopenie und durch Impfstoffe ausgelöste immunthrombotische Thrombozytopenie.","1","https://thrombosisjournal.biomedcentral.com/articles/10.1186/s12959-021-00318-2","Vaccines"
"361","Thrombosis Journal","1","","Thrombosis Journal"
"362","Körperliche Betätigung und Immunsystem: Perspektiven der COVID-19-Pandemie","1","https://www.scielo.br/j/ramb/a/mjPLw33NLn9qyCW3yL38GZK/?lang=en","Therapeutics"
"363","Revista da Associacao Medica Brasileira","1","","Revista da Associacao Medica Brasileira"
"364","Klinische Aspekte der SARS-CoV-2-Infektion und Vitamin D","1","https://www.ncbi.nlm.nih.gov/pmc/articles/PMC8460842/","Therapeutics"
"365","Reviews in Endocrine & Metabolic Disorders","1","","Reviews in Endocrine & Metabolic Disorders"
"366","Zusammenhänge zwischen Vitamin-D-Status, Vitamin-D-Zufuhr und dem Risiko einer SARS-CoV-2-Infektion und dem Schweregrad der Coronavirus-Erkrankung 2019","1","https://academic.oup.com/ajcn/advance-article/doi/10.1093/ajcn/nqab389/6448988","Therapeutics"
"367","The American Journal of Clinical Nutrition","1","","The American Journal of Clinical Nutrition"
"368","Myokarditis nach COVID-19-Impfung - Eine Fallserie","1","https://www.sciencedirect.com/science/article/pii/S0264410X21011725?via%3Dihub","Vaccines"
"369","Von SARS-CoV-2 abgeleitete Peptide definieren heterologe und COVID-19-induzierte T-Zell-Erkennung","1","https://www.nature.com/articles/s41590-020-00808-x","Immunity"
"370","Die Wirkung von Vitamin-D-, Magnesium- und Zinkpräparaten auf Interferon-Signalwege und ihre Beziehung zur Kontrolle der SARS-CoV-2-Infektion","1","https://www.ncbi.nlm.nih.gov/pmc/articles/PMC8573303/","Therapeutics"
"371","Vitamin D und sein möglicher Nutzen für die COVID-19-Pandemie","1","https://www.endocrinepractice.org/article/S1530-891X(21)00087-2/fulltext","Therapeutics"
"372","Endocrine Practice","1","","Endocrine Practice"
"373","Klinische Merkmale und pharmakologische Behandlung der durch den COVID-19-Impfstoff induzierten immunthrombotischen Thrombozytopenie mit zerebraler Sinusthrombose. Ein Überblick.","1","https://jamanetwork.com/journals/jamacardiology/fullarticle/2783051","Vaccines"
"374","Vitamin D und COVID-19","1","https://www.ncbi.nlm.nih.gov/pmc/articles/PMC7883732/","Therapeutics"
"375","Actualites Pharmaceutiques","1","","Actualites Pharmaceutiques"
"376","Alterung und COVID-19-Anfälligkeit, Schwere der Erkrankung und klinische Ergebnisse: Die Rolle verschränkter Risikofaktoren","1","https://www.sciencedirect.com/science/article/pii/S0531556521002898","Therapeutics"
"377","Experimental Gerontology","1","","Experimental Gerontology"
"378","Zusammenhang zwischen einer Vitamin-D-Supplementierung oder dem Vitamin-D-Serumspiegel und der Anfälligkeit für eine SARS-CoV-2-Infektion oder COVID-19 einschließlich des klinischen Verlaufs, der Morbidität und der Mortalität? Eine systematische Überprüfung","1","https://bmjopen.bmj.com/content/11/5/e043737","Therapeutics"
"379","Überlegungen zur Verstärkung der Immunantwort auf den COVID-19-Impfstoff","1","https://www.thelancet.com/journals/lancet/article/PIIS0140-6736(21)02046-8/fulltext","Vaccines"
"380","Zusammenhang zwischen Serum-Kupferstatus und Überleben bei COVID-19","1","https://www.mdpi.com/2072-6643/13/6/1898/htm","Therapeutics"
"381","Bewertung des Risikos einer SARS-CoV-2-Infektion aus nächster Nähe","1","https://www.sciencedirect.com/science/article/pii/S0048969721038213?via%3Dihub","Virus"
"382","Symptomatische SARS-CoV-2-Infektionen nach vollständiger BNT162b2-Impfung bei seropositiven Beschäftigten im Gesundheitswesen: eine Fallserie aus einer einzigen Einrichtung","1","https://www.tandfonline.com/doi/full/10.1080/22221751.2021.1942230","Vaccines"
"383","SARS-CoV-2-Impfschutz und Todesfälle unter US-Veteranen im Jahr 2021","1","https://www.science.org/doi/10.1126/science.abm0620","Vaccines"
"384","Therapeutische und prognostische Rolle von Vitamin D bei COVID-19-Infektionen: Eine systematische Überprüfung und Meta-Analyse von 43 Beobachtungsstudien","1","https://www.sciencedirect.com/science/article/pii/S0960076021000765","Therapeutics"
"385","Schwerwiegende Komplikationen bei COVID-19-Impfstoffen: Eine Mini-Review","1","https://www.sciencedirect.com/science/article/pii/S2589936821000694","Vaccines"
"386","Serumspiegel von Vitamin C und Vitamin D in einer Kohorte schwerkranker COVID-19-Patienten einer Intensivstation eines nordamerikanischen Gemeinschaftskrankenhauses im Mai 2020: Eine Pilotstudie","1","https://www.sciencedirect.com/science/article/pii/S2590098620300518","Therapeutics"
"387","Medicine in Drug Discovery","1","","Medicine in Drug Discovery"
"388","SARS-CoV-2-Positivitätsraten in Verbindung mit zirkulierenden 25-Hydroxyvitamin-D-Spiegeln","1","https://journals.plos.org/plosone/article?id=10.1371/journal.pone.0239252","Therapeutics"
"389","Eine systematische Überprüfung und Meta-Analyse der Auswirkungen des Vitamin-D-Spiegels auf das Auftreten von COVID-19","1","https://journals.viamedica.pl/cardiology_journal/article/view/83912","Therapeutics"
"390","Shedding light on vitamin D: the shared mechanistic and pathophysiological role between hypovitaminosis D and COVID-19 risk factors and complications","1","https://www.ncbi.nlm.nih.gov/pmc/articles/PMC8239482/","Therapeutics"
"391","Zusammenhang zwischen dem Vitamin-D-Status und der SARS-CoV-2-Infektion oder dem Schweregrad von COVID-19: Eine systematische Überprüfung und Meta-Analyse","1","https://academic.oup.com/advances/article/12/5/1636/6159489","Therapeutics"
"392","Advances in Nutrition","1","","Advances in Nutrition"
"393","Zink, Vitamin D und Vitamin C: Perspektiven für COVID-19 mit Schwerpunkt auf der Integrität der physischen Gewebeschranke","1","https://www.frontiersin.org/articles/10.3389/fnut.2020.606398/full","Therapeutics"
"394","Vitamin C als Prophylaxe und begleitende medizinische Behandlung für COVID-19?","1","https://www.sciencedirect.com/science/article/pii/S0899900720302318","Therapeutics"
"395","Zink und virale Infektionen der Atemwege: Wichtiges Spurenelement für die antivirale Reaktion und die Immunregulation","1","https://link.springer.com/article/10.1007%2Fs12011-021-02859-z","Therapeutics"
"396","Der Zusammenhang zwischen dem Schweregrad und der Sterblichkeit einer SARS-CoV-2-Infektion und der 25-Hydroxyvitamin-D-Konzentration - eine Metaanalyse","1","https://journals.viamedica.pl/advances_in_respiratory_medicine/article/view/ARM.a2021.0037/55715","Therapeutics"
"397","Advances in Respiratory Medicine","1","","Advances in Respiratory Medicine"
"398","Mögliche Vorteile einer Zinkergänzung bei CVD und COVID-19-Komorbidität","1","https://www.sciencedirect.com/science/article/pii/S1876034121003130","Therapeutics"
"399","Journal of Infection and Public Health","1","","Journal of Infection and Public Health"
"400","Ein ausreichender Vitamin-D- und Albuminspiegel hat eine schützende Wirkung auf die COVID-19-Infektion","1","https://link.springer.com/article/10.1007/s00203-021-02482-5","Therapeutics"
"401","Archives of Microbiology","1","","Archives of Microbiology"
"402","Die Rolle von Vitamin D im Zeitalter von COVID-19: Eine systematische Überprüfung und Meta-Analyse","1","https://www.ncbi.nlm.nih.gov/pmc/articles/PMC8420549/","Therapeutics"
"403","Interaktionen zwischen Darmmikrobiom, Vitamin D und ACE2 sind kritische Faktoren bei der Immunseneszenz und Entzündung: Schlüssel für die Impfstoffreaktion und den Schweregrad der COVID-19-Infektion","1","https://www.ncbi.nlm.nih.gov/pmc/articles/PMC8568567/","Therapeutics"
"404","Tödliche impfstoffinduzierte immunthrombotische Thrombozytopenie (VITT) nach Ad26.COV2.S: erster dokumentierter Fall außerhalb der USA","1","https://link.springer.com/article/10.1007%2Fs15010-021-01712-8","Vaccines"
"405","Infection","1","","Infection"
"406","Mögliche molekulare Mechanismen der Zink- und Kupfer-vermittelten antiviralen Aktivität auf COVID-19","1","https://www.sciencedirect.com/science/article/pii/S0271531721000300","Therapeutics"
"407","Nutrition Research","1","","Nutrition Research"
